,Train RMSE,Validation RMSE,R² Score
XGBoost,890.1467844785947,1061.9746762450693,0.5850615770799596
LightGBM,944.8142618563465,1045.827629755934,0.5975837097711674
