Mean Absolute Error (MAE),Mean Squared Error (MSE),Root Mean Squared Error (RMSE),R² Score
727.3257043446689,1060921.07079116,1030.0102284886107,0.6096641814338395
