,Train RMSE,Validation RMSE
Linear Regression,1141.3058394755353,1068.912774927158
Decision Tree,0.0,1499.1049340944824
Random Forest,434.18421652943357,1091.8504904147592
Gradient Boosting,1035.66753591269,1040.1098015237787
